{
    "Aberdeen": [
        57.20398522509891, -2.2006923331795343
    ],
    "Gdansk": [
        54.378033913008, 18.475386737443156
    ],
    "Abu Dhabi": [
        24.451747612687416, 54.642669073699594
    ],
    "Aqaba": [
        29.609047596938805, 35.02058418772532
    ],
    "Alexandria": [
        30.932270049629786, 29.696663864389883
    ],
    "Almaty": [
        43.34658448375767, 77.01169886256928
    ],
    "Amman": [
        31.721501989135678, 35.9965689527727
    ],
    "Ankara": [
        40.114789090612256, 32.9925684704088
    ],
    "Astana": [
        51.02759949776313, 71.46084764096815
    ],
    "Athens": [
        37.94146839063337, 23.947714664407567
    ],
    "Baku": [
        40.46556050460221, 50.05204425041641
    ],
    "Belgrade": [
        44.81961069972958, 20.292111364448772
    ],
    "Bishkek": [
        43.05385089317461, 74.46972233631985
    ],
    "Budapest": [
        47.438323694962456, 19.254389915989083
    ],
    "Bucharest": [
        44.56794545454049, 26.095181085305125
    ],
    "Chisinau": [
        46.9352636406888, 28.93444551099794
    ],
    "Cluj-Napoca": [
        46.782393479799666, 23.687910804898852
    ],
    "Dammam": [
        26.469395568773432, 49.79895944926147
    ],
    "Erbil": [
        36.23489184462743, 43.95528867606281
    ],
    "Yerevan": [
        40.15344306424695, 44.40237426904034
    ],
    "Cairo": [
        30.11210739260777, 31.40001874006093
    ],
    "Katowice": [
        50.47569558914563, 19.0821585884478
    ],
    "Krakow": [
        50.0786096307778, 19.789059558318097
    ],
    "Kutaisi": [
        42.18180021846855, 42.46671243632222
    ],
    "Kuwait City": [
        29.240268207648928, 47.971201368068954
    ],
    "Larnaca": [
        34.87145268950538, 33.60927736083596
    ],
    "Male": [
        4.187416701929976, 73.52768184195745
    ],
    "Medina": [
        24.554085224949585, 39.71596681414062
    ],
    "Muscat": [
        23.60290908235845, 58.2898675228287
    ],
    "Rome": [
        41.803283252456424, 12.252023023937205
    ],
    "Salalah": [
        17.046819775069167, 54.0884051006471
    ],
    "Samarkand": [
        39.6970185866418, 66.99108603558224
    ],
    "Sarajevo": [
        43.82624335186497, 18.33687650859522
    ],
    "Sofia": [
        42.69280560312249, 23.40904393632221
    ],
    "Sohag": [
        26.338759111692067, 31.738486711737902
    ],
    "Tashkent": [
        41.25943276358555, 69.27934948345667
    ],
    "Tel Aviv": [
        32.00043285221222, 34.870432474214326
    ],
    "Tirana": [
        41.41903154091505, 19.713757804344045
    ],
    "Turkistan": [
        43.315414379785416, 68.54646932633992
    ],
    "Vienna": [
        48.117921350792166, 16.566518257961384
    ],
    "Agadir": [
        30.33058165605271, -9.410237620335671
    ],
    "London": [
        51.875665760294225, -0.37460713201687235
    ],
    "Alghero": [
        40.6331066720346, 8.289893566241657
    ],
    "Alicante": [
        38.284734516312625, -0.562025445378835
    ],
    "Warsaw": [
        52.16447961121034, 20.969781708059042
    ],
    "Milan": [
        45.62827837644615, 8.726093023937205
    ],
    "Ancona": [
        43.61504918147523, 13.362015710443693
    ],
    "Antalya": [
        36.91412833961819, 30.803914185325443
    ],
    "Debrecen": [
        47.491122401475444, 21.609865748521514
    ],
    "Bacau": [
        46.53105673728134, 26.91153137550854
    ],
    "Banja Luka": [
        44.933457402609704, 17.30374397236586
    ],
    "Basel": [
        47.596923473426266, 7.527242468854638
    ],
    "Dortmund": [
        51.517196887934546, 7.612130817193599
    ],
    "Barcelona": [
        41.29811077834764, 2.0803903736757983
    ],
    "Wroclaw": [
        51.10396859976461, 16.88566939880861
    ],
    "Iasi": [
        47.17697352000945, 27.618046625261755
    ],
    "Timisoara": [
        45.81059620102718, 21.320627617855482
    ],
    "Vilnius": [
        54.636397142063714, 25.285799029496104
    ],
    "Bari": [
        41.136640271079955, 16.762403221558618
    ],
    "Ni\u0161": [
        43.33736690814242, 21.866469310449226
    ],
    "Skopje": [
        41.960756597171226, 21.626896739816388
    ],
    "Tuzla": [
        44.46396300076003, 18.70968432076744
    ],
    "Bergamo": [
        45.66889927788202, 9.707164101191397
    ],
    "Berlin": [
        52.364921916244036, 13.50093454722265
    ],
    "Eindhoven": [
        51.45036642347083, 5.378337304894528
    ],
    "Gothenburg": [
        57.663891343776505, 12.283538633730467
    ],
    "Hamburg": [
        53.63184532394297, 9.995858508597658
    ],
    "Heraklion (Crete)": [
        35.33946295666942, 25.17610205092578
    ],
    "Karlsruhe/Baden-Baden": [
        48.777759214929404, 8.08366231145523
    ],
    "Copenhagen": [
        55.60948307053141, 12.6354503625664
    ],
    "Lisbon": [
        38.77996994452577, -9.13439214113673
    ],
    "Malm\u00f6": [
        55.53468967752336, 13.370012270503892
    ],
    "Malta": [
        35.85288264115981, 14.486626471413164
    ],
    "Memmingen": [
        47.9869912629033, 10.238341891401246
    ],
    "Nice": [
        43.65981994837317, 7.214067089556003
    ],
    "Paris": [
        49.45524787228627, 2.111039905203503
    ],
    "Stockholm": [
        59.64943345877891, 17.9339133263242
    ],
    "Craiova": [
        44.31266913891855, 23.87836043002733
    ],
    "Bergen": [
        60.29379592474572, 5.2220353104492245
    ],
    "Varna": [
        43.23766453331567, 27.82604291044922
    ],
    "Bilbao": [
        43.30212417008912, -2.9152583453710843
    ],
    "Billund": [
        55.746063803752506, 9.148013791402342
    ],
    "Birmingham": [
        52.45235101568355, -1.7437495988086045
    ],
    "Bologna": [
        44.534586158575074, 11.287446468652327
    ],
    "Catania": [
        37.46617200172576, 15.064756599339828
    ],
    "Bratislava": [
        48.16946192744543, 17.20001243134767
    ],
    "Brasov": [
        45.694235396325496, 25.516890277902696
    ],
    "Bremen": [
        53.047935927194544, 8.78578240489453
    ],
    "Malaga": [
        36.67672118819392, -4.49407881230079
    ],
    "Split": [
        43.536599401095195, 16.298987549074216
    ],
    "Brindisi": [
        40.656693316966745, 17.945193631878897
    ],
    "Brussels": [
        50.90015698652941, 4.48594896441797
    ],
    "Brussels Charleroi": [
        50.46308648808879, 4.462053877910155
    ],
    "Burgas": [
        42.565579419991586, 27.516801156486903
    ],
    "Chania (Crete)": [
        35.5402517164432, 24.14029742949952
    ],
    "Dubai": [
        25.256736864461175, 55.36388328214742
    ],
    "Girona": [
        41.8982536707768, 2.7662840411327188
    ],
    "Glasgow": [
        55.86427204329224, -4.432216510449223
    ],
    "Gran Canaria": [
        27.929053392827168, -15.387306566269533
    ],
    "Hurghada": [
        27.180136066518365, 33.80778595462891
    ],
    "Istanbul": [
        41.276540524050056, 28.730263081613284
    ],
    "Jeddah": [
        21.682585457375676, 39.16661267605859
    ],
    "Corfu": [
        39.60704570842922, 19.914868218386715
    ],
    "Liverpool": [
        53.335036318066216, -2.852598027644542
    ],
    "Funchal (Madeira)": [
        32.69724012476278, -16.77419327976172
    ],
    "Madrid": [
        40.48935558866866, -3.5642066625664035
    ],
    "Mallorca": [
        39.55207786082119, 2.739364206746092
    ],
    "Naples": [
        40.884563985964554, 14.289128377910156
    ],
    "Podgorica": [
        42.36773071458598, 19.246977269972664
    ],
    "Reykjavik": [
        63.98566927020053, -22.612301903758297
    ],
    "Rhodes": [
        36.402271070283994, 28.09137388531642
    ],
    "Riyadh": [
        24.95963803340355, 46.7027294945853
    ],
    "Santorini": [
        36.40299615180008, 25.472802838327432
    ],