{
    "Aberdeen": [
        57.1482429,
        -2.0928095
    ],
    "Gdansk": [
        54.3706858,
        18.61298210330077
    ],
    "Abu Dhabi": [
        24.4538352,
        54.3774014
    ],
    "Aqaba": [
        29.5266483,
        35.0075433
    ],
    "Alexandria": [
        31.1991806,
        29.8951716
    ],
    "Almaty": [
        43.2363924,
        76.9457275
    ],
    "Amman": [
        31.9515694,
        35.9239625
    ],
    "Ankara": [
        39.9207759,
        32.8540497
    ],
    "Astana": [
        51.115320749999995,
        71.46636599643543
    ],
    "Athens": [
        37.9755648,
        23.7348324
    ],
    "Baku": [
        40.3755885,
        49.8328009
    ],
    "Belgrade": [
        44.8178131,
        20.4568974
    ],
    "Bishkek": [
        42.8777895,
        74.6066926
    ],
    "Budapest": [
        47.4978789,
        19.0402383
    ],
    "Bucharest": [
        44.4361414,
        26.1027202
    ],
    "Chisinau": [
        47.0245117,
        28.8322923
    ],
    "Cluj-Napoca": [
        46.769379,
        23.5899542
    ],
    "Dammam": [
        26.4367824,
        50.1039991
    ],
    "Erbil": [
        36.1911744,
        44.0094145
    ],
    "Yerevan": [
        40.1777112,
        44.5126233
    ],
    "Cairo": [
        30.0443879,
        31.2357257
    ],
    "Katowice": [
        50.2598987,
        19.0215852
    ],
    "Krakow": [
        50.0619474,
        19.9368564
    ],
    "Kutaisi": [
        42.2716078,
        42.7054475
    ],
    "Kuwait City": [
        29.3796532,
        47.9734174
    ],
    "Larnaca": [
        34.9236095,
        33.6236184
    ],
    "Male": [
        4.1779879,
        73.5107387
    ],
    "Medina": [
        24.471153,
        39.6111216
    ],
    "Muscat": [
        23.61515,
        58.5912467
    ],
    "Rome": [
        41.8933203,
        12.4829321
    ],
    "Salalah": [
        17.0174945,
        54.1010923
    ],
    "Samarkand": [
        39.6550017,
        66.9756954
    ],
    "Sarajevo": [
        43.8519774,
        18.3866868
    ],
    "Sofia": [
        42.6977028,
        23.3217359
    ],
    "Sohag": [
        26.4571363,
        31.6681392
    ],
    "Tashkent": [
        41.3123363,
        69.2787079
    ],
    "Tel Aviv": [
        32.0852997,
        34.7818064
    ],
    "Tirana": [
        41.3281482,
        19.8184435
    ],
    "Turkistan": [
        43.2977149,
        68.27098
    ],
    "Vienna": [
        48.2083537,
        16.3725042
    ],
    "Agadir": [
        30.4205162,
        -9.5838532
    ],
    "London": [
        51.5074456,
        -0.1277653
    ],
    "Alghero": [
        40.5587291,
        8.3153206
    ],
    "Alicante": [
        38.3436365,
        -0.4881708
    ],
    "Warsaw": [
        52.2337172,
        21.071432235636493
    ],
    "Milan": [
        45.4641943,
        9.1896346
    ],
    "Ancona": [
        43.6170137,
        13.5170982
    ],
    "Antalya": [
        36.8864752,
        30.7029585
    ],
    "Debrecen": [
        47.531399,
        21.6259782
    ],
    "Bacau": [
        46.5560493,
        26.9153557
    ],
    "Banja Luka": [
        44.7720845,
        17.1917651
    ],
    "Basel": [
        47.5581077,
        7.5878261
    ],
    "Dortmund": [
        51.5142273,
        7.4652789
    ],
    "Barcelona": [
        41.3828939,
        2.1774322
    ],
    "Wroclaw": [
        51.1089776,
        17.0326689
    ],
    "Iasi": [
        47.1615598,
        27.5837814
    ],
    "Timisoara": [
        45.7538355,
        21.2257474
    ],
    "Vilnius": [
        54.6870458,
        25.2829111
    ],
    "Bari": [
        41.1257843,
        16.8620293
    ],
    "Ni\u0161": [
        43.3211301,
        21.8959232
    ],
    "Skopje": [
        41.9961816,
        21.4319213
    ],
    "Tuzla": [
        44.5391105,
        18.675193
    ],
    "Bergamo": [
        45.6944947,
        9.6698727
    ],
    "Berlin": [
        52.510885,
        13.3989367
    ],
    "Eindhoven": [
        51.4392648,
        5.478633
    ],
    "Gothenburg": [
        57.7072326,
        11.9670171
    ],
    "Hamburg": [
        53.550341,
        10.000654
    ],
    "Heraklion (Crete)": [
        35.33908,
        25.1332843
    ],
    "Karlsruhe/Baden-Baden": [
        48.7787136,
        8.081971309890005
    ],
    "Copenhagen": [
        55.6867243,
        12.5700724
    ],
    "Lisbon": [
        38.7077507,
        -9.1365919
    ],
    "Malm\u00f6": [
        55.6052931,
        13.0001566
    ],
    "Malta": [
        35.8885993,
        14.4476911
    ],
    "Memmingen": [
        47.9867696,
        10.181319
    ],
    "Nice": [
        43.7009358,
        7.2683912
    ],
    "Paris": [
        48.8588897,
        2.3200410217200766
    ],
    "Stockholm": [
        59.3251172,
        18.0710935
    ],
    "Craiova": [
        44.3190159,
        23.7965614
    ],
    "Bergen": [
        60.3943055,
        5.3259192
    ],
    "Varna": [
        43.2073873,
        27.9166653
    ],
    "Bilbao": [
        43.2630018,
        -2.9350039
    ],
    "Billund": [
        55.7247018,
        9.1195835
    ],
    "Birmingham": [
        52.4796992,
        -1.9026911
    ],
    "Bologna": [
        44.4938203,
        11.3426327
    ],
    "Catania": [
        37.5023612,
        15.0873718
    ],
    "Bratislava": [
        48.1516988,
        17.1093063
    ],
    "Brasov": [
        45.6525105,
        25.6105654
    ],
    "Bremen": [
        53.0758196,
        8.8071646
    ],
    "Malaga": [
        36.7213028,
        -4.4216366
    ],
    "Split": [
        43.5116383,
        16.4399659
    ],
    "Brindisi": [
        40.6375408,
        17.9454957
    ],
    "Brussels": [
        50.8465573,
        4.351697
    ],
    "Brussels Charleroi": [
        50.463637250000005,
        4.466173283859401
    ],
    "Burgas": [
        42.4936616,
        27.4721276
    ],
    "Chania (Crete)": [
        35.5120831,
        24.0191544
    ],
    "Dubai": [
        25.2653471,
        55.2924914
    ],
    "Girona": [
        41.9793006,
        2.8199439
    ],
    "Glasgow": [
        55.861155,
        -4.2501687
    ],
    "Gran Canaria": [
        27.9580004,
        -15.6062305376665
    ],
    "Hurghada": [
        27.222556,
        33.8307062
    ],
    "Istanbul": [
        41.006381,
        28.9758715
    ],
    "Jeddah": [
        21.5810088,
        39.1653612
    ],
    "Corfu": [
        39.591337,
        19.859618918733858
    ],
    "Liverpool": [
        53.4071991,
        -2.99168
    ],
    "Funchal (Madeira)": [
        32.6496497,
        -16.9086783
    ],
    "Madrid": [
        40.4167047,
        -3.7035825
    ],
    "Mallorca": [
        39.613432,
        2.8829184529439633
    ],
    "Naples": [
        40.8358846,
        14.2487679
    ],
    "Podgorica": [
        42.4415238,
        19.2621081
    ],
    "Reykjavik": [
        64.145981,
        -21.9422367
    ],
    "Rhodes": [
        36.172529749999995,
        27.91940163839584
    ],
    "Riyadh": [
        24.638916,
        46.7160104
    ],
    "Santorini": [
        36.4071112,
        25.456663652707153
    ],
    "Sharm El Sheikh": [
        27.8644422,
        34.295447
    ],
    "Stuttgart": [
        48.7784485,
        9.1800132
    ],
    "Tenerife": [
        28.2935785,
        -16.621447121144122
    ],
    "Thessaloniki": [
        40.6403167,
        22.9352716
    ],
    "T\u00e2rgu-Mures": [
        46.5446253,
        24.561196
    ],
    "Valencia": [
        39.4697065,
        -0.3763353
    ],
    "Zakynthos": [
        37.789138449999996,
        20.790089567090195
    ],
    "Castellon": [
        40.25185675,
        -0.06150521083301791
    ],
    "Geneva": [
        46.2017559,
        6.1466014
    ],
    "Izmir": [
        38.4237433,
        27.1428019
    ],
    "Leeds": [
        53.7974185,
        -1.5437941
    ],